{"listOfAssets":[{"name":"MovableBox01","scale":{"x":1.0,"y":1.0,"z":1.0},"position":{"x":-3.604865789413452,"y":0.5000008940696716,"z":3.3957808017730715},"rotation":{"x":0.681838870048523,"y":-0.6818400025367737,"z":-0.18733561038970948,"w":0.1873376965522766}},{"name":"MovableRectangle01","scale":{"x":0.3576500117778778,"y":1.0,"z":0.3709000051021576},"position":{"x":0.47999998927116396,"y":0.5,"z":-1.3300000429153443},"rotation":{"x":0.0,"y":0.0,"z":0.0,"w":1.0}}]}